{
    "rods": {
        "Twig": {
            "rrf": 3.6,
            "weight-max": 4,
            "probability": [
                0.3157,
                0.2365,
                0.1709,
                0.1179,
                0.0765,
                0.0455,
                0.0238,
                0.0101,
                0.00279,
                0.000251
            ]
        },
        "Bamboo": {
            "rrf": 3.51,
            "weight-max": 8,
            "probability": [
                0.3091,
                0.2339,
                0.1710,
                0.1195,
                0.0787,
                0.0477,
                0.0255,
                0.0111,
                0.00321,
                0.000309
            ]
        },
        "Hardwood": {
            "rrf": 3.42,
            "weight-max": 12,
            "probability": [
                0.3029,
                0.2312,
                0.1709,
                0.1210,
                0.0809,
                0.0499,
                0.0273,
                0.0122,
                0.00369,
                0.00038
            ]
        },
        "Steel": {
            "rrf": 3.24,
            "weight-max": 16,
            "probability": [
                0.2892,
                0.2255,
                0.1704,
                0.1238,
                0.0852,
                0.0545,
                0.0311,
                0.0148,
                0.00486,
                0.000576
            ]
        },
        "Gold": {
            "rrf": 3.06,
            "weight-max": 20,
            "probability": [
                0.2756,
                0.2192,
                0.1695,
                0.1263,
                0.0896,
                0.0593,
                0.0355,
                0.0179,
                0.00639,
                0.000871
            ]
        }
    },
    "fish": [
        {
            "name": "Balloon Fish",
            "weight_min": 1,
            "weight_max": 3,
            "rarity": 1,
            "locations": ["Anywhere"]
        },
        {
            "name": "Hot Air Balloon Fish",
            "weight_min": 1,
            "weight_max": 1,
            "rarity": 4,
            "locations": ["Toontown Central", "Anywhere"]
        },
        {
            "name": "Weather Balloon Fish",
            "weight_min": 3,
            "weight_max": 5,
            "rarity": 5,
            "locations": ["Punchline Place", "The Brrrgh"]
        },
        {
            "name": "Water Balloon Fish",
            "weight_min": 3,
            "weight_max": 5,
            "rarity": 3,
            "locations": ["Silly Street", "Daisy Gardens"]
        },
        {
            "name": "Red Balloon Fish",
            "weight_min": 1,
            "weight_max": 5,
            "rarity": 2,
            "locations": ["Loopy Lane", "Toontown Central"]
        },
        {
            "name": "Cat Fish",
            "weight_min": 2,
            "weight_max": 6,
            "rarity": 1,
            "locations": ["Daisy Gardens", "Anywhere"]
        },
        {
            "name": "Siamese Cat Fish",
            "weight_min": 2,
            "weight_max": 6,
            "rarity": 9,
            "locations": ["Elm Street", "Daisy Gardens"]
        },
        {
            "name": "Alley Cat Fish",
            "weight_min": 5,
            "weight_max": 11,
            "rarity": 4,
            "locations": ["Lullaby Lane"]
        },
        {
            "name": "Tabby Cat Fish",
            "weight_min": 2,
            "weight_max": 6,
            "rarity": 3,
            "locations": ["Daisy Gardens", "Estate"]
        },
        {
            "name": "Tom Cat Fish",
            "weight_min": 5,
            "weight_max": 11,
            "rarity": 2,
            "locations": ["Donald's Dreamland", "Estate"]
        },
        {
            "name": "Clown Fish",
            "weight_min": 2,
            "weight_max": 8,
            "rarity": 1,
            "locations": ["Toontown Central", "Anywhere"]
        },
        {
            "name": "Sad Clown Fish",
            "weight_min": 2,
            "weight_max": 8,
            "rarity": 4,
            "locations": ["Toontown Central", "Anywhere"]
        },
        {
            "name": "Party Clown Fish",
            "weight_min": 2,
            "weight_max": 8,
            "rarity": 2,
            "locations": ["Toontown Central", "Anywhere"]
        },
        {
            "name": "Circus Clown Fish",
            "weight_min": 2,
            "weight_max": 8,
            "rarity": 6,
            "locations": ["Toontown Central", "Anywhere"]
        },
        {
            "name": "Frozen Fish",
            "weight_min": 8,
            "weight_max": 12,
            "rarity": 1,
            "locations": ["The Brrrgh"]
        },
        {
            "name": "Star Fish",
            "weight_min": 1,
            "weight_max": 5,
            "rarity": 1,
            "locations": ["Anywhere"]
        },
        {
            "name": "Five Star Fish",
            "weight_min": 2,
            "weight_max": 6,
            "rarity": 2,
            "locations": ["Minnie's Melodyland", "Anywhere"]
        },
        {
            "name": "Rock Star Fish",
            "weight_min": 1,
            "weight_max": 5,
            "rarity": 5,
            "locations": ["Minnie's Melodyland", "Anywhere"]
        },
        {
            "name": "Shining Star Fish",
            "weight_min": 5,
            "weight_max": 10,
            "rarity": 7,
            "locations": ["Estate", "Anywhere"]
        },
        {
            "name": "All Star Fish",
            "weight_min": 1,
            "weight_max": 5,
            "rarity": 10,
            "locations": ["Toontown Central", "Donald's Dock", "Estate"]
        },
        {
            "name": "Holey Mackerel",
            "weight_min": 6,
            "weight_max": 10,
            "rarity": 9,
            "locations": ["Estate", "Toontown Central", "Donald's Dock"]
        },
        {
            "name": "Dog Fish",
            "weight_min": 7,
            "weight_max": 15,
            "rarity": 1,
            "locations": ["Donald's Dock", "Anywhere"]
        },
        {
            "name": "Bull Dog Fish",
            "weight_min": 18,
            "weight_max": 20,
            "rarity": 6,
            "locations": ["Donald's Dock", "Estate"]
        },
        {
            "name": "Hot Dog Fish",
            "weight_min": 1,
            "weight_max": 5,
            "rarity": 5,
            "locations": ["Donald's Dock", "Estate"]
        },
        {
            "name": "Dalmatian Dog Fish",
            "weight_min": 3,
            "weight_max": 7,
            "rarity": 4,
            "locations": ["Donald's Dock", "Estate"]
        },
        {
            "name": "Puppy Dog Fish",
            "weight_min": 1,
            "weight_max": 2,
            "rarity": 2,
            "locations": ["Donald's Dock", "Anywhere"]
        },
        {
            "name": "Amore Eel",
            "weight_min": 2,
            "weight_max": 6,
            "rarity": 1,
            "locations": ["Daisy Gardens", "Estate", "Anywhere"]
        },
        {
            "name": "Electric Amore Eel",
            "weight_min": 2,
            "weight_max": 6,
            "rarity": 3,
            "locations": ["Daisy Gardens", "Estate"]
        },
        {
            "name": "Nurse Shark",
            "weight_min": 4,
            "weight_max": 12,
            "rarity": 5,
            "locations": ["Minnie's Melodyland", "Anywhere"]
        },
        {
            "name": "Clara Nurse Shark",
            "weight_min": 4,
            "weight_max": 12,
            "rarity": 7,
            "locations": ["Baritone Boulevard", "Minnie's Melodyland"]
        },
        {
            "name": "Florence Nurse Shark",
            "weight_min": 4,
            "weight_max": 12,
            "rarity": 8,